{
    "__class_name__": "DBM", 
    "batch_size": 100, 
    "display_filters": 10, 
    "display_particles": 20, 
    "dtype": "float32", 
    "epoch_": 500, 
    "initialized_": true, 
    "iter_": 295000, 
    "json_params": {
        "indent": 4, 
        "sort_keys": true
    }, 
    "l2": 1e-07, 
    "learning_rate": [
        0.0020000000000000005, 
        0.0019701919581487266, 
        0.0019408281759769549, 
        0.0019119020322291289, 
        0.0018834070043330165, 
        0.0018553366669289465, 
        0.0018276846904209344, 
        0.0018004448395494347, 
        0.0017736109719853335, 
        0.0017471770369449251, 
        0.0017211370738255041, 
        0.0016954852108613196, 
        0.001670215663799533, 
        0.0016453227345959386, 
        0.0016208008101300931, 
        0.0015966443609396251, 
        0.0015728479399733793, 
        0.0015494061813631716, 
        0.0015263137992138224, 
        0.0015035655864112513, 
        0.0014811564134483092, 
        0.0014590812272681345, 
        0.001437335050124725, 
        0.0014159129784605149, 
        0.0013948101818006572, 
        0.0013740219016638092, 
        0.0013535434504891284, 
        0.0013333702105792786, 
        0.0013134976330591841, 
        0.0012939212368502945, 
        0.0012746366076601518, 
        0.001255639396987001, 
        0.0012369253211392528, 
        0.0012184901602695422, 
        0.0012003297574232025, 
        0.0011824400176009013, 
        0.0011648169068352672, 
        0.0011474564512812576, 
        0.0011303547363201048, 
        0.0011135079056765963, 
        0.0010969121605495303, 
        0.0010805637587551135, 
        0.0010644590138831427, 
        0.0010485942944657445, 
        0.0010329660231585237, 
        0.0010175706759338963, 
        0.0010024047812864632, 
        0.00098746491945021038, 
        0.00097274772162739222, 
        0.00095824986922889101, 
        0.00094396809312591496, 
        0.00092989917291283291, 
        0.00091603993618100674, 
        0.0009023872578034452, 
        0.00088893805923011466, 
        0.00087568930779375405, 
        0.00086263801602603867, 
        0.00084978124098393677, 
        0.00083711608358609784, 
        0.00082463968795914349, 
        0.00081234924079368899, 
        0.00080024197070997479, 
        0.00078831514763293966, 
        0.00077656608217662186, 
        0.00076499212503772099, 
        0.00075359066639821141, 
        0.00074235913533684714, 
        0.0007312949992494492, 
        0.00072039576327782113, 
        0.00070965896974718842, 
        0.00069908219761200983, 
        0.00068866306191006025, 
        0.00067839921322463889, 
        0.00066828833715480338, 
        0.00065832815379348849, 
        0.00064851641721341456, 
        0.0006388509149606468, 
        0.00062932946755571049, 
        0.00061994992800213972, 
        0.00061071018130234888, 
        0.00060160814398071917, 
        0.00059264176361379641, 
        0.00058380901836748952, 
        0.00057510791654116506, 
        0.0005665364961185362, 
        0.00055809282432524798, 
        0.00054977499719305681, 
        0.00054158113913049897, 
        0.00053350940249996786, 
        0.00052555796720108383, 
        0.00051772504026028373, 
        0.00051000885542651776, 
        0.00050240767277298095, 
        0.00049491977830477146, 
        0.00048754348357240565, 
        0.00048027712529108413, 
        0.00047311906496564119, 
        0.00046606768852107557, 
        0.00045912140593859383, 
        0.00045227865089707677, 
        0.00044553788041988795, 
        0.00043889757452694609, 
        0.00043235623589198482, 
        0.00042591238950492069, 
        0.0004195645823392514, 
        0.00041331138302441115, 
        0.00040715138152301107, 
        0.00040108318881288974, 
        0.00039510543657390136, 
        0.00038921677687937106, 
        0.0003834158818921516, 
        0.0003777014435652095, 
        0.00037207217334667006, 
        0.00036652680188926413, 
        0.00036106407876409943, 
        0.00035568277217870353, 
        0.00035038166869926331, 
        0.00034515957297700996, 
        0.00034001530747867641, 
        0.00033494771222097739, 
        0.0003299556445090414, 
        0.00032503797867874668, 
        0.000320193605842892, 
        0.0003154214336411541, 
        0.00031072038599377167, 
        0.00030608940285889859, 
        0.00030152743999357391, 
        0.00029703346871825566, 
        0.000292606475684864, 
        0.00028824546264828, 
        0.00028394944624125014, 
        0.00027971745775264733, 
        0.00027554854290903568, 
        0.00027144176165949066, 
        0.00026739618796362593, 
        0.00026341090958278024, 
        0.00025948502787431749, 
        0.00025561765758898893, 
        0.0002518079266713204, 
        0.00024805497606296959, 
        0.00024435795950901874, 
        0.00024071604336715021, 
        0.0002371284064196697, 
        0.00023359423968832781, 
        0.00023011274625190476, 
        0.0002266831410665104, 
        0.00022330465078856606, 
        0.00021997651360042105, 
        0.00021669797903857175, 
        0.00021346830782443746, 
        0.00021028677169766176, 
        0.0002071526532518952, 
        0.00020406524577302757, 
        0.00020102385307983097, 
        0.00019802778936697704, 
        0.00019507637905039402, 
        0.0001921689566149293, 
        0.00018930486646428241, 
        0.00018648346277317388, 
        0.00018370410934171727, 
        0.00018096617945196266, 
        0.00017826905572657789, 
        0.00017561212998963547, 
        0.00017299480312947432, 
        0.00017041648496360603, 
        0.00016787659410563482, 
        0.00016537455783415981, 
        0.00016290981196363157, 
        0.00016048180071713403, 
        0.00015808997660106186, 
        0.00015573380028166604, 
        0.00015341274046343914, 
        0.00015112627376931276, 
        0.00014887388462264128, 
        0.00014665506513094443, 
        0.00014446931497138222, 
        0.00014231614127793631, 
        0.00014019505853027394, 
        0.00013810558844426773, 
        0.00013604725986414697, 
        0.00013401960865625618, 
        0.00013202217760439756, 
        0.00013005451630673337, 
        0.00012811618107422422, 
        0.00012620673483058133, 
        0.00012432574701370992, 
        0.00012247279347862204, 
        0.00012064745640179547, 
        0.00011884932418695826, 
        0.00011707799137227793, 
        0.00011533305853893386, 
        0.0001136141322210519, 
        0.00011192082481698128, 
        0.00011025275450189446, 
        0.00010860954514168902, 
        0.00010699082620817329, 
        0.0001053962326955155, 
        0.00010382540503793826, 
        0.00010227798902864002, 
        0.00010075363573992501, 
        9.9252001444523189e-05, 
        9.7772747538082676e-05, 
        9.6315540462818097e-05, 
        9.488005163229604e-05, 
        9.3465957357342802e-05, 
        9.2072938773054297e-05, 
        9.0700681766895633e-05, 
        8.934887690787231e-05, 
        8.8017219376755227e-05, 
        8.6705408897347707e-05, 
        8.5413149668775749e-05, 
        8.4140150298787594e-05, 
        8.2886123738048242e-05, 
        8.1650787215411448e-05, 
        8.0433862174158084e-05, 
        7.9235074209184651e-05, 
        7.8054153005126576e-05, 
        7.6890832275405309e-05, 
        7.5744849702183043e-05, 
        7.4615946877212505e-05, 
        7.3503869243568174e-05, 
        7.2408366038246766e-05, 
        7.1329190235621561e-05, 
        7.0266098491740989e-05, 
        6.9218851089457238e-05, 
        6.818721188437142e-05, 
        6.7170948251585932e-05, 
        6.6169831033249427e-05, 
        6.5183634486883893e-05, 
        6.4212136234482315e-05, 
        6.325511721236376e-05, 
        6.2312361621776952e-05, 
        6.1383656880240135e-05, 
        6.0468793573604932e-05, 
